Actual,Timestamp,Predicted_Random Forest,Predicted_XGBoost,Predicted_LightGBM
1.06,2026-07-29 12:00:00,1.0729999999999997,0.82152027,5.180467873793486
6.21,2026-07-29 12:15:00,6.404199999999998,7.3587866,9.842231122031672
6.35,2026-07-29 12:30:00,6.413199999999996,7.3587866,9.842231122031672
-6.09,2026-07-29 12:45:00,-6.056600000000002,-6.824112,-4.894446384359472
6.34,2026-07-29 13:00:00,6.406599999999995,7.3587866,9.842231122031672
7.99,2026-07-29 13:15:00,8.059000000000001,7.3587866,9.842231122031672
-12.97,2026-07-29 13:30:00,-13.045599999999997,-12.943551,-8.804992970569074
3.36,2026-07-29 13:45:00,3.3568000000000002,3.4938407,5.180467873793486
10.26,2026-07-29 14:00:00,10.156799999999995,11.772329,9.842231122031672
75.95,2026-07-29 14:15:00,75.93220000000007,76.41725,77.52261225502568
148.32,2026-07-29 14:30:00,148.18259999999998,146.51295,146.15929988157012
111.48,2026-07-29 14:45:00,111.5892,113.66693,111.16851518272411
97.51,2026-07-29 15:00:00,97.43840000000002,97.31015,96.16329533458833
132.0,2026-07-29 15:15:00,131.9368,130.43271,130.87118239514754
134.74,2026-07-29 15:30:00,134.7058,134.03665,131.60094248017373
82.86,2026-07-29 15:45:00,82.89139999999999,85.6996,85.30706193695883
130.29,2026-07-29 16:00:00,130.33239999999995,130.46362,129.0729668362874
339.88,2026-07-29 16:15:00,339.86799999999994,350.97766,327.4204415348401
170.08,2026-07-29 16:30:00,170.15279999999993,170.034,169.77683955868605
202.66,2026-07-29 16:45:00,203.2500000000001,198.77448,197.7886844950526
222.36,2026-07-29 17:00:00,221.81820000000005,226.35861,223.6537026068402
204.07,2026-07-29 17:15:00,204.23559999999998,209.49498,197.7886844950526
247.68,2026-07-29 17:30:00,247.6678,251.74565,240.062922669964
351.39,2026-07-29 17:45:00,350.08040000000005,351.18146,347.9457438163866
524.1,2026-07-29 18:00:00,530.9648000000001,519.7485,500.55697634474035
265.05,2026-07-29 18:15:00,266.51339999999993,263.33923,261.30507504947064
394.71,2026-07-29 18:30:00,396.17399999999986,398.98276,373.8427021845582
389.0,2026-07-29 18:45:00,386.92200000000014,398.98276,373.8427021845582
253.94,2026-07-29 19:00:00,253.81059999999994,252.01341,248.04073456967888
535.1,2026-07-29 19:15:00,534.0900000000001,520.7656,496.99805561562033
217.31,2026-07-29 19:30:00,217.37779999999987,217.27145,210.08722514553756
202.01,2026-07-29 19:45:00,201.9772,198.77448,197.7886844950526
137.38,2026-07-29 20:00:00,137.35639999999995,140.52002,137.72376410553136
55.66,2026-07-29 20:15:00,55.762800000000006,55.93026,53.97674629721189
78.31,2026-07-29 20:30:00,78.43900000000002,76.64649,78.87388410296552
86.6,2026-07-29 20:45:00,86.54620000000003,86.56128,85.30706193695883
112.14,2026-07-29 21:00:00,112.14300000000001,113.89617,111.16851518272411
85.28,2026-07-29 21:15:00,85.1796,85.6996,85.30706193695883
6.98,2026-07-29 21:30:00,6.998999999999999,7.5336776,9.842231122031672
39.83,2026-07-29 21:45:00,39.950400000000016,40.800583,41.552560074009754
114.35,2026-07-29 22:00:00,114.30640000000007,114.67281,115.27877507738216
106.68,2026-07-29 22:15:00,106.68299999999999,107.20362,105.65431355739734
105.09,2026-07-29 22:30:00,105.04799999999999,107.14234,105.65431355739734
105.49,2026-07-29 22:45:00,105.4958,107.14234,105.65431355739734
105.49,2026-07-29 23:00:00,105.505,107.111435,105.65431355739734
105.49,2026-07-29 23:15:00,105.49980000000001,107.14234,105.65431355739734
76.09,2026-07-29 23:30:00,76.161,76.44816,77.52261225502568
78.84,2026-07-29 23:45:00,78.84840000000001,79.21732,78.87388410296552
109.74,2026-07-30 00:00:00,109.75799999999995,109.90561,109.35239004127868
107.11,2026-07-30 00:15:00,107.16359999999999,107.14234,106.27356060488297
105.68,2026-07-30 00:30:00,105.68579999999996,107.14234,105.65431355739734
105.49,2026-07-30 00:45:00,105.4638,107.14234,105.65431355739734
135.94,2026-07-30 01:00:00,135.76640000000003,134.06757,131.60094248017373
105.83,2026-07-30 01:15:00,105.78079999999996,107.14234,105.65431355739734
134.61,2026-07-30 01:30:00,134.5682,134.06757,131.60094248017373
136.47,2026-07-30 01:45:00,136.48299999999995,134.06757,137.72376410553136
132.03,2026-07-30 02:00:00,132.0452,130.46362,131.60094248017373
132.35,2026-07-30 02:15:00,132.32360000000006,130.46362,131.60094248017373
116.87,2026-07-30 02:30:00,116.56159999999998,118.75323,117.33814044684418
117.48,2026-07-30 02:45:00,117.39579999999998,118.75323,117.33814044684418
132.06,2026-07-30 03:00:00,131.97220000000002,130.46362,131.60094248017373
401.33,2026-07-30 03:15:00,401.12960000000015,398.44992,396.99598543809776
267.6,2026-07-30 03:30:00,267.6002000000002,267.62366,261.30507504947064
535.2,2026-07-30 03:45:00,535.0938000000002,548.4994,534.4115807488586
217.14,2026-07-30 04:00:00,217.4256,217.00638,210.08722514553756
147.77,2026-07-30 04:15:00,147.71020000000004,146.60515,146.15929988157012
149.25,2026-07-30 04:30:00,149.29520000000005,149.44963,146.15929988157012
235.67,2026-07-30 04:45:00,234.8798,233.28288,231.76187647390432
361.26,2026-07-30 05:00:00,360.88779999999997,350.97766,347.9457438163866
267.6,2026-07-30 05:15:00,267.92640000000017,267.68494,261.30507504947064
248.6,2026-07-30 05:30:00,248.21759999999992,251.48058,248.04073456967888
267.6,2026-07-30 05:45:00,267.91880000000015,267.62366,261.30507504947064
159.09,2026-07-30 06:00:00,158.9057999999999,158.60432,156.98099923873792
452.44,2026-07-30 06:15:00,452.11479999999983,458.7345,418.63981622329595
535.11,2026-07-30 06:30:00,535.0036000000001,518.7438,500.55697634474035
322.31,2026-07-30 06:45:00,322.0479999999997,317.30292,320.9982473843089
136.12,2026-07-30 07:00:00,136.28580000000002,134.06757,131.60094248017373
121.28,2026-07-30 07:15:00,121.11039999999997,122.95877,119.83658162078838
205.9,2026-07-30 07:30:00,205.4212,209.2299,197.7886844950526
140.93,2026-07-30 07:45:00,140.943,140.5691,139.389278583348
192.31,2026-07-30 08:00:00,192.34000000000006,188.1167,187.43774611097996
92.94,2026-07-30 08:15:00,92.9284,90.85703,96.16329533458833
80.17,2026-07-30 08:30:00,80.09240000000004,79.21732,78.87388410296552
153.0,2026-07-30 08:45:00,153.0482,153.2952,149.16466356783576
116.78,2026-07-30 09:00:00,116.56459999999998,118.75323,117.33814044684418
27.01,2026-07-30 09:15:00,27.00520000000001,27.37448,27.272924656374506
19.26,2026-07-30 09:30:00,19.2338,17.578043,20.9049097377566
12.08,2026-07-30 09:45:00,12.052599999999995,12.200236,14.341665784085958
8.2,2026-07-30 10:00:00,8.243600000000002,7.389695,9.842231122031672
53.76,2026-07-30 10:15:00,53.71500000000001,53.17851,52.70616541396714
4.99,2026-07-30 10:30:00,4.983399999999999,5.0440974,7.417471096569233
4.84,2026-07-30 10:45:00,4.8908000000000005,5.0440974,7.417471096569233
0.0,2026-07-30 11:00:00,0.0,0.23674655,1.767681290255857
4.83,2026-07-30 11:15:00,4.869000000000001,5.0440974,7.417471096569233
4.67,2026-07-30 11:30:00,4.531200000000001,5.013189,7.417471096569233
5.2,2026-07-30 11:45:00,5.186199999999999,5.0440974,7.417471096569233
4.74,2026-07-30 12:00:00,4.864600000000001,5.013189,7.417471096569233
6.81,2026-07-30 12:15:00,6.786799999999997,7.3587866,9.842231122031672
4.13,2026-07-30 12:30:00,4.187599999999999,5.013189,7.417471096569233
-2.0,2026-07-30 12:45:00,-1.996,-0.6285024,-1.6683244834739208
100.0,2026-07-30 13:00:00,99.98440000000002,102.04763,99.37530083380135
129.4,2026-07-30 13:15:00,129.362,130.17847,7.102017573156771
72.65,2026-07-30 13:30:00,72.65220000000002,76.41725,69.94336508537998
87.1,2026-07-30 13:45:00,86.9312,86.33204,85.30706193695883
75.01,2026-07-30 14:00:00,74.917,76.41725,77.52261225502568
11.12,2026-07-30 14:15:00,11.086800000000004,11.855032,9.842231122031672
334.5,2026-07-30 14:30:00,334.49479999999994,333.82404,327.4204415348401
126.2,2026-07-30 14:45:00,126.14000000000007,127.24264,123.98134358632403
108.25,2026-07-30 15:00:00,108.16160000000002,107.14234,106.27356060488297
468.09,2026-07-30 15:15:00,468.1638000000001,459.18335,451.617235707646
334.45,2026-07-30 15:30:00,334.44700000000006,333.82404,320.9982473843089
260.75,2026-07-30 15:45:00,261.53340000000003,263.13544,261.30507504947064
694.52,2026-07-30 16:00:00,673.7411999999998,679.44037,522.1923183352616
732.55,2026-07-30 16:15:00,735.3588000000001,729.422,736.8094559436222
265.62,2026-07-30 16:30:00,266.91339999999997,265.8001,261.30507504947064
265.1,2026-07-30 16:45:00,266.3935999999999,264.10593,261.30507504947064
210.86,2026-07-30 17:00:00,210.87600000000006,209.32397,208.4590157926515
35.9,2026-07-30 17:15:00,35.988,35.819187,36.54536797777621
76.58,2026-07-30 17:30:00,76.51600000000002,76.64649,69.93244353157318
15.7,2026-07-30 17:45:00,15.507400000000002,17.859081,12.034884023250251
2.23,2026-07-30 18:00:00,2.1639999999999997,3.8057897,5.180467873793486
452.44,2026-07-30 18:15:00,450.8374,456.46378,418.63981622329595
-26.52,2026-07-30 18:30:00,-26.799599999999995,-41.35471,-27.853068162796244
129.34,2026-07-30 18:45:00,129.293,129.63702,129.0729668362874
908.35,2026-07-30 19:00:00,961.1809999999995,864.67633,929.9893424938332
732.59,2026-07-30 19:15:00,737.3289999999998,716.38934,798.2574709424684
4321.03,2026-07-30 19:30:00,3423.5307999999986,1069.4824,1668.1073521874544
4321.03,2026-07-30 19:45:00,3597.127999999999,1077.4886,1709.7684097716267
535.11,2026-07-30 20:00:00,1380.9702000000002,577.71985,926.9860444348315
260.38,2026-07-30 20:15:00,260.6293999999999,279.3367,350.2816809134223
2.18,2026-07-30 20:30:00,2.1419999999999995,18.024364,159.16389888105638
1.5,2026-07-30 20:45:00,1.5386000000000002,12.444165,40.78287962725974
408.42,2026-07-30 21:00:00,753.4176000000001,484.4232,658.0776521254393
347.88,2026-07-30 21:15:00,619.8271999999996,381.3863,957.376230455711
771.64,2026-07-30 21:30:00,1106.9106,1411.0016,1590.8181763206692
159.6,2026-07-30 21:45:00,159.6616,150.63545,169.00711990954042
76.44,2026-07-30 22:00:00,76.50940000000003,76.187294,84.30641617218525
118.16,2026-07-30 22:15:00,118.14780000000005,114.73472,142.20287687344336
11.4,2026-07-30 22:30:00,11.4332,13.164496,29.15640819668881
160.84,2026-07-30 22:45:00,160.82239999999996,159.32318,185.53032317641626
6.99,2026-07-30 23:00:00,7.0678,7.5336776,159.48535214588318
44.7,2026-07-30 23:15:00,44.656600000000005,45.980904,83.68809741254265
9.57,2026-07-30 23:30:00,9.563800000000004,11.947222,49.36767007640504
40.05,2026-07-30 23:45:00,40.10300000000002,40.861866,81.07799902838312
118.16,2026-07-31 00:00:00,118.19540000000002,118.81451,154.15080156884108
122.75,2026-07-31 00:15:00,122.86500000000005,123.02005,156.64924274278525
106.97,2026-07-31 00:30:00,106.95819999999998,107.172714,143.08622172687984
119.48,2026-07-31 00:45:00,119.4316,119.29427,156.64924274278525
73.63,2026-07-31 01:00:00,73.52800000000002,76.47853,114.3352733770225
154.58,2026-07-31 01:15:00,154.7136,153.58693,189.0839470310802
153.92,2026-07-31 01:30:00,153.8995999999999,153.35648,160.4472863742976
254.18,2026-07-31 01:45:00,253.19400000000002,251.54185,248.04073456967888
226.12,2026-07-31 02:00:00,226.50400000000008,226.35861,223.6537026068402
122.1,2026-07-31 02:15:00,122.25080000000008,123.02005,119.83658162078838
122.1,2026-07-31 02:30:00,122.24040000000008,123.02005,119.83658162078838
122.1,2026-07-31 02:45:00,122.25920000000009,123.02005,119.83658162078838
122.2,2026-07-31 03:00:00,122.25620000000008,123.02005,119.83658162078838
155.53,2026-07-31 03:15:00,155.63299999999995,153.58693,152.27128590908342
173.14,2026-07-31 03:30:00,173.21460000000008,170.034,171.96162805780813
145.79,2026-07-31 03:45:00,145.89420000000004,146.60515,145.03955932421124
171.89,2026-07-31 04:00:00,172.09520000000003,170.034,171.96162805780813
182.02,2026-07-31 04:15:00,182.2716,177.8875,183.14287327819352
119.48,2026-07-31 04:30:00,119.43180000000002,119.43133,119.83658162078838
117.95,2026-07-31 04:45:00,117.8572,118.95156,117.33814044684418
75.77,2026-07-31 05:00:00,75.6806,76.64649,77.52261225502568
107.74,2026-07-31 05:15:00,107.68900000000002,107.340675,106.27356060488297
108.34,2026-07-31 05:30:00,108.50480000000002,107.20362,106.27356060488297
118.34,2026-07-31 05:45:00,118.28700000000005,118.81451,117.33814044684418
182.6,2026-07-31 06:00:00,182.57759999999996,187.79633,183.14287327819352
334.46,2026-07-31 06:15:00,334.4462000000001,333.8853,327.4204415348401
153.29,2026-07-31 06:30:00,153.34160000000006,153.35648,152.27128590908342
61.11,2026-07-31 06:45:00,61.25059999999999,59.236088,59.44820636043584
105.61,2026-07-31 07:00:00,105.72019999999996,107.20362,105.65431355739734
99.65,2026-07-31 07:15:00,99.6696,97.34106,99.37530083380135
71.88,2026-07-31 07:30:00,71.75360000000003,68.927925,69.94336508537998
130.05,2026-07-31 07:45:00,129.98680000000002,129.37195,129.0729668362874
60.55,2026-07-31 08:00:00,60.42399999999998,59.236088,59.44820636043584
61.19,2026-07-31 08:15:00,61.197199999999995,59.236088,59.44820636043584
114.27,2026-07-31 08:30:00,114.32300000000006,114.611534,115.27877507738216
100.92,2026-07-31 08:45:00,100.97060000000002,102.07854,99.37530083380135
0.0,2026-07-31 09:00:00,0.0,0.31944844,1.767681290255857
2.06,2026-07-31 09:15:00,2.0097999999999994,3.607451,5.180467873793486
4.01,2026-07-31 09:30:00,3.976599999999998,5.126799,7.417471096569233
2.47,2026-07-31 09:45:00,2.5172,3.607451,5.180467873793486
8.0,2026-07-31 10:00:00,7.9998000000000005,7.472397,9.842231122031672
1.5,2026-07-31 10:15:00,1.5314000000000005,0.93513054,5.180467873793486
2.34,2026-07-31 10:30:00,2.387,3.5765426,5.180467873793486
0.0,2026-07-31 10:45:00,0.0,0.28854007,1.767681290255857
-0.2,2026-07-31 11:00:00,-0.17600000000000005,-0.6285024,-1.6683244834739208
0.0,2026-07-31 11:15:00,0.0,0.28854007,1.767681290255857
1.0,2026-07-31 11:30:00,1.025,0.90422213,5.180467873793486
81.35,2026-07-31 11:45:00,81.44479999999997,79.18642,85.30706193695883
80.4,2026-07-31 12:00:00,80.37220000000002,79.18642,78.87388410296552
81.99,2026-07-31 12:15:00,81.95879999999997,85.607414,85.30706193695883
36.68,2026-07-31 12:30:00,36.73019999999999,35.589935,36.54536797777621
36.68,2026-07-31 12:45:00,36.725799999999985,35.589935,36.54536797777621
48.09,2026-07-31 13:00:00,48.009800000000006,50.1547,49.52825663978764
95.82,2026-07-31 13:15:00,95.83959999999998,96.47076,96.16329533458833
103.94,2026-07-31 13:30:00,104.02480000000003,102.32461,105.65431355739734
114.03,2026-07-31 13:45:00,114.02300000000005,113.69784,113.42584845187713
81.07,2026-07-31 14:00:00,81.06760000000004,79.21732,85.30706193695883
81.07,2026-07-31 14:15:00,81.03480000000003,79.21732,85.30706193695883
70.92,2026-07-31 14:30:00,70.97499999999997,68.927925,69.94336508537998
118.72,2026-07-31 14:45:00,118.70819999999992,118.75323,117.33814044684418
428.1,2026-07-31 15:00:00,427.1206000000002,424.5156,418.63981622329595
669.0,2026-07-31 15:15:00,670.0527999999999,669.84607,585.1750569866655
163.06,2026-07-31 15:30:00,163.11060000000006,160.43416,159.9376629785993
132.1,2026-07-31 15:45:00,132.0714,131.46257,131.60094248017373
75.95,2026-07-31 16:00:00,75.9908,76.44816,77.52261225502568
106.63,2026-07-31 16:15:00,106.58439999999999,107.20362,105.65431355739734
77.8,2026-07-31 16:30:00,77.83460000000002,76.50944,78.87388410296552
106.46,2026-07-31 16:45:00,106.5412,107.340675,105.65431355739734
167.69,2026-07-31 17:00:00,167.78980000000004,168.87204,169.77683955868605
129.07,2026-07-31 17:15:00,129.02439999999999,129.5703,129.0729668362874
196.8,2026-07-31 17:30:00,196.7848,198.22028,192.78771950801695
234.15,2026-07-31 17:45:00,234.37439999999995,233.48668,231.76187647390432
58.51,2026-07-31 18:00:00,58.44400000000002,58.837456,59.44820636043584
160.9,2026-07-31 18:15:00,160.926,159.46025,156.98099923873792
19.77,2026-07-31 18:30:00,19.758399999999998,21.793627,20.9049097377566
17.47,2026-07-31 18:45:00,17.440399999999993,17.859081,19.62505274670276
144.43,2026-07-31 19:00:00,144.44400000000007,144.15666,142.73016667840037
374.59,2026-07-31 19:15:00,374.41659999999996,373.53455,370.2837814554382
112.39,2026-07-31 19:30:00,112.31240000000001,113.89617,111.16851518272411
119.23,2026-07-31 19:45:00,119.21979999999999,118.95156,117.33814044684418
128.5,2026-07-31 20:00:00,128.5128,129.63702,129.0729668362874
201.36,2026-07-31 20:15:00,201.401,198.70775,197.7886844950526
184.12,2026-07-31 20:30:00,184.36239999999995,187.79633,183.14287327819352
130.71,2026-07-31 20:45:00,130.66840000000008,130.5249,130.87118239514754
130.6,2026-07-31 21:00:00,130.61700000000005,130.66197,130.87118239514754
169.85,2026-07-31 21:15:00,170.05039999999994,170.034,169.77683955868605
167.36,2026-07-31 21:30:00,167.39780000000002,168.87204,169.77683955868605
165.13,2026-07-31 21:45:00,164.99359999999996,168.87204,159.9376629785993
183.72,2026-07-31 22:00:00,183.49500000000003,187.79633,183.14287327819352
173.53,2026-07-31 22:15:00,173.65540000000007,174.48784,171.96162805780813
131.0,2026-07-31 22:30:00,130.9636,130.5249,130.87118239514754
73.12,2026-07-31 22:45:00,73.00240000000001,76.50944,69.94336508537998
73.12,2026-07-31 23:00:00,72.9942,76.50944,69.94336508537998
34.66,2026-07-31 23:15:00,34.622600000000006,35.68213,36.54536797777621
11.08,2026-07-31 23:30:00,11.117600000000003,11.947222,9.842231122031672
5.61,2026-07-31 23:45:00,5.658999999999996,7.5336776,7.417471096569233
114.08,2026-08-01 00:00:00,114.01100000000004,113.75912,115.27877507738216
105.47,2026-08-01 00:15:00,105.4534,107.20362,105.65431355739734
110.0,2026-08-01 00:30:00,109.98599999999999,109.96689,109.35239004127868
110.0,2026-08-01 00:45:00,109.99639999999998,109.96689,109.35239004127868
126.75,2026-08-01 01:00:00,126.87240000000003,127.30392,123.98134358632403
126.77,2026-08-01 01:15:00,126.89080000000001,127.27301,123.98134358632403
154.96,2026-08-01 01:30:00,155.03000000000003,153.58693,152.27128590908342
225.33,2026-08-01 01:45:00,225.84380000000004,226.35861,223.6537026068402
233.09,2026-08-01 02:00:00,233.1646000000001,233.28288,231.76187647390432
227.72,2026-08-01 02:15:00,227.19760000000005,226.35861,223.6537026068402
224.53,2026-08-01 02:30:00,225.29720000000006,226.35861,223.6537026068402
228.52,2026-08-01 02:45:00,228.91420000000002,226.35861,223.6537026068402
126.75,2026-08-01 03:00:00,126.81340000000004,127.30392,123.98134358632403
214.0,2026-08-01 03:15:00,214.01500000000007,214.9587,210.08722514553756
155.13,2026-08-01 03:30:00,155.0422,153.58693,152.27128590908342
156.42,2026-08-01 03:45:00,156.44339999999997,157.3497,156.98099923873792
159.22,2026-08-01 04:00:00,158.95639999999995,158.60432,156.98099923873792
73.12,2026-08-01 04:15:00,72.98100000000001,76.50944,69.94336508537998
115.51,2026-08-01 04:30:00,115.51579999999996,114.67281,115.27877507738216
114.41,2026-08-01 04:45:00,114.41120000000005,114.67281,115.27877507738216
124.86,2026-08-01 05:00:00,124.84280000000001,123.30763,123.98134358632403
123.07,2026-08-01 05:15:00,123.14599999999997,123.02005,119.83658162078838
100.78,2026-08-01 05:30:00,100.80699999999997,102.07854,99.37530083380135
105.82,2026-08-01 05:45:00,105.78819999999997,107.14234,105.65431355739734
160.86,2026-08-01 06:00:00,160.80559999999997,159.32318,156.98099923873792
143.7,2026-08-01 06:15:00,143.63700000000006,143.84297,142.73016667840037
81.08,2026-08-01 06:30:00,81.067,79.21732,85.30706193695883
80.1,2026-08-01 06:45:00,80.18040000000002,79.21732,78.87388410296552
27.89,2026-08-01 07:00:00,27.873599999999982,27.37448,27.272924656374506
21.55,2026-08-01 07:15:00,21.453599999999987,21.59529,21.83307208545338
30.69,2026-08-01 07:30:00,30.895199999999996,29.840895,30.843156441387634
104.73,2026-08-01 07:45:00,104.76980000000005,102.32461,105.65431355739734
73.12,2026-08-01 08:00:00,73.12060000000001,76.44816,69.94336508537998
103.47,2026-08-01 08:15:00,103.51260000000003,102.32461,105.65431355739734
100.19,2026-08-01 08:30:00,100.24079999999998,102.07854,99.37530083380135
112.66,2026-08-01 08:45:00,112.81139999999994,113.69784,111.16851518272411
109.64,2026-08-01 09:00:00,109.61059999999998,109.90561,109.35239004127868
267.59,2026-08-01 09:15:00,267.6616000000002,267.62366,261.30507504947064
80.68,2026-08-01 09:30:00,80.52959999999999,79.21732,78.87388410296552
10.24,2026-08-01 09:45:00,10.178199999999997,11.803238,9.842231122031672
4.13,2026-08-01 10:00:00,4.144999999999999,5.0440974,7.417471096569233
4.01,2026-08-01 10:15:00,3.9521999999999986,5.0440974,7.417471096569233
12.24,2026-08-01 10:30:00,12.162599999999996,12.200236,14.341665784085958
4.48,2026-08-01 10:45:00,4.383600000000001,5.0440974,7.417471096569233
6.07,2026-08-01 11:00:00,5.950599999999998,7.389695,9.842231122031672
4.98,2026-08-01 11:15:00,4.971999999999997,5.013189,7.417471096569233
4.74,2026-08-01 11:30:00,4.876200000000001,5.013189,7.417471096569233
4.58,2026-08-01 11:45:00,4.4228000000000005,5.013189,7.417471096569233
3.46,2026-08-01 12:00:00,3.5344000000000007,3.524749,5.180467873793486
6.0,2026-08-01 12:15:00,5.937399999999998,7.3587866,9.842231122031672
3.46,2026-08-01 12:30:00,3.5334000000000003,3.4938407,5.180467873793486
4.18,2026-08-01 12:45:00,4.202599999999999,5.013189,7.417471096569233
2.08,2026-08-01 13:00:00,2.0619999999999994,3.4938407,5.180467873793486
67.36,2026-08-01 13:15:00,67.30239999999999,65.433945,64.07847754879666
78.85,2026-08-01 13:30:00,78.94940000000003,79.103714,75.43787832923574
14.17,2026-08-01 13:45:00,14.1514,12.293365,14.341665784085958
3.46,2026-08-01 14:00:00,3.555,3.4938407,5.180467873793486
3.54,2026-08-01 14:15:00,3.6613999999999987,3.4938407,5.180467873793486
8.8,2026-08-01 14:30:00,8.806400000000002,7.4414883,9.842231122031672
18.0,2026-08-01 14:45:00,18.002399999999987,17.660744,19.62505274670276
87.11,2026-08-01 15:00:00,86.93520000000004,86.362946,85.30706193695883
30.02,2026-08-01 15:15:00,29.938200000000002,29.840895,30.843156441387634
56.73,2026-08-01 15:30:00,56.7638,55.701008,53.97674629721189
123.89,2026-08-01 15:45:00,123.9588,123.21545,123.98134358632403
119.59,2026-08-01 16:00:00,119.67520000000006,119.20209,119.83658162078838
120.2,2026-08-01 16:15:00,120.23380000000002,119.232994,119.83658162078838
159.82,2026-08-01 16:30:00,159.7804,159.32318,156.98099923873792
164.06,2026-08-01 16:45:00,164.05340000000004,159.32318,159.9376629785993
294.35,2026-08-01 17:00:00,294.33520000000016,288.95514,289.16334798879086
202.48,2026-08-01 17:15:00,202.51300000000006,198.57068,197.7886844950526
189.74,2026-08-01 17:30:00,189.6418,188.31505,187.43774611097996
186.7,2026-08-01 17:45:00,186.60220000000015,187.79633,187.43774611097996
174.34,2026-08-01 18:00:00,174.58540000000005,174.48784,171.96162805780813
245.67,2026-08-01 18:15:00,245.89540000000008,241.32568,240.062922669964
182.83,2026-08-01 18:30:00,183.032,187.79633,183.14287327819352
184.87,2026-08-01 18:45:00,184.82959999999994,187.79633,183.14287327819352
204.04,2026-08-01 19:00:00,204.14759999999995,209.42825,197.7886844950526
133.82,2026-08-01 19:15:00,133.8466,134.26591,131.60094248017373
182.41,2026-08-01 19:30:00,182.46900000000002,177.8875,183.14287327819352
173.85,2026-08-01 19:45:00,174.2518000000001,174.48784,171.96162805780813
133.47,2026-08-01 20:00:00,133.44540000000003,132.41331,131.60094248017373
179.69,2026-08-01 20:15:00,179.4646,177.8875,173.49328842335302
175.2,2026-08-01 20:30:00,174.97500000000008,174.48784,173.49328842335302
129.2,2026-08-01 20:45:00,129.2108,129.43323,129.0729668362874
132.64,2026-08-01 21:00:00,132.63479999999993,132.27625,131.60094248017373
171.94,2026-08-01 21:15:00,172.13160000000005,170.034,171.96162805780813
535.2,2026-08-01 21:30:00,535.0844000000002,549.19403,530.8526600197386
535.2,2026-08-01 21:45:00,535.5264000000002,549.4618,530.8526600197386
188.33,2026-08-01 22:00:00,188.26899999999998,188.58281,187.43774611097996
132.0,2026-08-01 22:15:00,132.00259999999997,130.5249,130.87118239514754
121.53,2026-08-01 22:30:00,121.68499999999999,123.02005,119.83658162078838
157.74,2026-08-01 22:45:00,157.76999999999998,157.3497,156.98099923873792
535.2,2026-08-01 23:00:00,535.0998000000001,549.19403,530.8526600197386
296.81,2026-08-01 23:15:00,297.84700000000004,306.70038,289.16334798879086
162.01,2026-08-01 23:30:00,162.004,159.32318,159.9376629785993
159.93,2026-08-01 23:45:00,159.85359999999994,159.32318,156.98099923873792
158.7,2026-08-02 00:00:00,158.77280000000002,158.60432,156.98099923873792
156.46,2026-08-02 00:15:00,156.539,157.3497,156.98099923873792
296.81,2026-08-02 00:30:00,297.5254000000001,306.70038,289.16334798879086
658.64,2026-08-02 00:45:00,658.6007999999998,645.23975,585.1750569866655
155.27,2026-08-02 01:00:00,155.29840000000002,154.6979,152.27128590908342
153.74,2026-08-02 01:15:00,153.83199999999997,154.29414,152.27128590908342
153.84,2026-08-02 01:30:00,153.85619999999997,153.35648,152.27128590908342
154.78,2026-08-02 01:45:00,154.79360000000005,153.58693,152.27128590908342
334.5,2026-08-02 02:00:00,334.49679999999995,333.8853,327.4204415348401
240.1,2026-08-02 02:15:00,240.09060000000002,241.18861,240.062922669964
220.63,2026-08-02 02:30:00,220.2324,226.35861,218.4458077320955
153.26,2026-08-02 02:45:00,153.41479999999999,153.35648,152.27128590908342
267.6,2026-08-02 03:00:00,267.5998000000002,267.68494,261.30507504947064
160.7,2026-08-02 03:15:00,160.65079999999992,159.32318,156.98099923873792
159.64,2026-08-02 03:30:00,159.696,158.60432,156.98099923873792
157.65,2026-08-02 03:45:00,157.72460000000004,157.3497,156.98099923873792
103.23,2026-08-02 04:00:00,103.1958,102.38589,100.53173048631218
93.05,2026-08-02 04:15:00,93.02220000000003,90.91831,96.16329533458833
126.68,2026-08-02 04:30:00,126.83319999999998,127.30392,123.98134358632403
139.11,2026-08-02 04:45:00,139.1706,140.25494,137.72376410553136
153.75,2026-08-02 05:00:00,153.83319999999995,153.35648,152.27128590908342
535.09,2026-08-02 05:15:00,534.8938,518.476,500.55697634474035
136.11,2026-08-02 05:30:00,136.32139999999998,134.06757,131.60094248017373
124.56,2026-08-02 05:45:00,124.57459999999996,123.24635,123.98134358632403
150.5,2026-08-02 06:00:00,150.47180000000003,149.44963,149.16466356783576
89.2,2026-08-02 06:15:00,89.22239999999998,89.56977,90.47482768078382
112.43,2026-08-02 06:30:00,112.31100000000002,113.69784,111.16851518272411
26.89,2026-08-02 06:45:00,26.9582,27.092287,27.272924656374506
25.94,2026-08-02 07:00:00,26.035799999999984,27.092287,27.272924656374506
6.95,2026-08-02 07:15:00,6.910399999999998,7.472397,9.842231122031672
-14.46,2026-08-02 07:30:00,-14.43,-13.550361,-11.829487724338136
-17.26,2026-08-02 07:45:00,-17.281999999999996,-16.715471,-11.829487724338136
-9.5,2026-08-02 08:00:00,-9.452400000000004,-9.21005,-7.144207323543092
-20.55,2026-08-02 08:15:00,-20.576199999999993,-19.158167,-16.016806867171432
0.48,2026-08-02 08:30:00,0.47779999999999995,0.8524287,1.767681290255857
-21.45,2026-08-02 08:45:00,-21.282400000000003,-19.189074,-16.016806867171432
-22.27,2026-08-02 09:00:00,-22.212199999999992,-19.189074,-16.016806867171432
-10.0,2026-08-02 09:15:00,-9.9886,-9.240958,-7.144207323543092
-14.79,2026-08-02 09:30:00,-14.810200000000002,-13.663972,-11.829487724338136
-11.16,2026-08-02 09:45:00,-11.170600000000002,-12.429901,-7.144207323543092
-6.69,2026-08-02 10:00:00,-6.676199999999999,-6.824112,-4.894446384359472
2.15,2026-08-02 10:15:00,2.1361999999999997,3.4938407,5.180467873793486
-18.44,2026-08-02 10:30:00,-18.475199999999997,-17.523254,-14.782245697855904
-8.33,2026-08-02 10:45:00,-8.308800000000002,-8.014383,-4.894446384359472
-6.69,2026-08-02 11:00:00,-6.691199999999998,-6.824112,-4.894446384359472
-6.69,2026-08-02 11:15:00,-6.695999999999998,-6.824112,-4.894446384359472
-6.69,2026-08-02 11:30:00,-6.691199999999998,-6.824112,-4.894446384359472
-10.6,2026-08-02 11:45:00,-10.661800000000005,-9.240958,-7.144207323543092
2.1,2026-08-02 12:00:00,2.1277999999999997,3.4938407,5.180467873793486
-17.6,2026-08-02 12:15:00,-17.59559999999999,-17.523254,-14.782245697855904
-20.0,2026-08-02 12:30:00,-19.906,-19.189074,-14.782245697855904
-25.36,2026-08-02 12:45:00,-25.391400000000004,-26.226868,-22.243850596419676
-11.71,2026-08-02 13:00:00,-11.653599999999999,-12.429901,-8.804992970569074
-9.93,2026-08-02 13:15:00,-9.903600000000004,-9.240958,-7.144207323543092
-7.13,2026-08-02 13:30:00,-7.179800000000004,-6.9095535,-4.894446384359472
-15.96,2026-08-02 13:45:00,-15.904399999999995,-16.647753,-11.829487724338136
-6.6,2026-08-02 14:00:00,-6.609600000000003,-6.824112,-4.894446384359472
-3.17,2026-08-02 14:15:00,-3.155000000000003,-4.607509,-1.6683244834739208
-11.52,2026-08-02 14:30:00,-11.497400000000003,-12.429901,-8.804992970569074
-31.02,2026-08-02 14:45:00,-30.907400000000017,-29.409298,-24.109802609588755
-27.09,2026-08-02 15:00:00,-27.148000000000014,-26.144167,-22.243850596419676
-41.69,2026-08-02 15:15:00,-41.660999999999994,-39.016087,-32.669832579995294
-15.52,2026-08-02 15:30:00,-15.603399999999995,-13.581269,-11.829487724338136
32.86,2026-08-02 15:45:00,32.86979999999999,29.809988,36.54536797777621
26.89,2026-08-02 16:00:00,26.955400000000008,27.06138,27.272924656374506
133.5,2026-08-02 16:15:00,133.55040000000005,132.18405,131.60094248017373
155.74,2026-08-02 16:30:00,155.7938,153.90018,152.27128590908342
465.5,2026-08-02 16:45:00,467.53659999999996,459.66602,508.030357248794
642.49,2026-08-02 17:00:00,643.2847999999998,641.4231,585.1750569866655
149.46,2026-08-02 17:15:00,149.48940000000002,152.36882,149.16466356783576
154.5,2026-08-02 17:30:00,154.54119999999995,154.66167,152.27128590908342
362.07,2026-08-02 17:45:00,361.1987999999999,373.53455,347.9457438163866
99.76,2026-08-02 18:00:00,99.70139999999999,97.53939,99.37530083380135
181.38,2026-08-02 18:15:00,181.44620000000003,177.8875,183.14287327819352
143.0,2026-08-02 18:30:00,142.98360000000005,143.15814,142.73016667840037
132.8,2026-08-02 18:45:00,132.7672,132.41331,131.60094248017373
115.58,2026-08-02 19:00:00,115.6108,114.80987,115.27877507738216
140.92,2026-08-02 19:15:00,140.99400000000003,140.76746,139.389278583348
172.79,2026-08-02 19:30:00,173.1142,170.034,171.96162805780813
113.04,2026-08-02 19:45:00,112.9932,113.75912,113.42584845187713
180.49,2026-08-02 20:00:00,180.3198,177.8875,183.14287327819352
165.74,2026-08-02 20:15:00,165.92659999999995,168.87204,159.9376629785993
112.86,2026-08-02 20:30:00,112.87819999999996,113.75912,113.42584845187713
126.54,2026-08-02 20:45:00,126.65139999999995,127.30392,123.98134358632403
136.59,2026-08-02 21:00:00,136.6274,134.12885,137.72376410553136
75.15,2026-08-02 21:15:00,75.1936,76.50944,77.52261225502568
151.09,2026-08-02 21:30:00,151.06700000000004,149.44963,149.16466356783576
140.45,2026-08-02 21:45:00,140.43419999999998,140.5691,139.389278583348
130.3,2026-08-02 22:00:00,130.30559999999997,130.46362,129.0729668362874
71.69,2026-08-02 22:15:00,71.73780000000002,68.927925,69.94336508537998
115.29,2026-08-02 22:30:00,115.41479999999997,114.611534,115.27877507738216
131.35,2026-08-02 22:45:00,131.2396,130.46362,130.87118239514754
136.75,2026-08-02 23:00:00,136.6464,134.06757,137.72376410553136
132.85,2026-08-02 23:15:00,132.798,132.21497,131.60094248017373
133.12,2026-08-02 23:30:00,133.2444,132.21497,131.60094248017373
361.26,2026-08-02 23:45:00,360.2422,350.91638,347.9457438163866
131.26,2026-08-03 00:00:00,131.2754,130.46362,130.87118239514754
129.6,2026-08-03 00:15:00,129.519,129.37195,129.0729668362874
129.45,2026-08-03 00:30:00,129.35779999999997,129.37195,129.0729668362874
129.17,2026-08-03 00:45:00,129.15019999999996,129.37195,129.0729668362874
101.4,2026-08-03 01:00:00,101.41739999999999,102.07854,100.53173048631218
110.58,2026-08-03 01:15:00,110.62200000000003,109.90561,109.35239004127868
113.32,2026-08-03 01:30:00,113.33780000000004,113.69784,113.42584845187713
105.78,2026-08-03 01:45:00,105.73559999999998,107.14234,105.65431355739734
105.01,2026-08-03 02:00:00,104.99700000000004,107.14234,105.65431355739734
117.57,2026-08-03 02:15:00,117.3788,118.75323,117.33814044684418
118.5,2026-08-03 02:30:00,118.4526,118.75323,117.33814044684418
120.58,2026-08-03 02:45:00,120.6458,119.232994,119.83658162078838
120.0,2026-08-03 03:00:00,120.0166,119.232994,119.83658162078838
121.71,2026-08-03 03:15:00,121.78560000000003,122.95877,119.83658162078838
120.77,2026-08-03 03:30:00,120.81800000000001,119.232994,119.83658162078838
76.34,2026-08-03 03:45:00,76.39119999999998,76.50944,77.52261225502568
92.55,2026-08-03 04:00:00,92.55819999999994,90.91831,90.47482768078382
110.14,2026-08-03 04:15:00,110.11420000000003,109.96689,109.35239004127868
172.82,2026-08-03 04:30:00,173.20660000000004,170.034,171.96162805780813
166.87,2026-08-03 04:45:00,167.14420000000007,168.87204,159.9376629785993
173.41,2026-08-03 05:00:00,173.2158000000001,174.48784,171.96162805780813
166.9,2026-08-03 05:15:00,167.10460000000003,168.87204,159.9376629785993
161.83,2026-08-03 05:30:00,161.89219999999992,159.32318,159.9376629785993
267.6,2026-08-03 05:45:00,267.6648000000002,267.68494,261.30507504947064
167.27,2026-08-03 06:00:00,167.15079999999998,168.87204,169.77683955868605
156.95,2026-08-03 06:15:00,156.89679999999998,157.3497,156.98099923873792
334.5,2026-08-03 06:30:00,334.4891999999998,333.8853,327.4204415348401
74.8,2026-08-03 06:45:00,74.8196,76.44816,77.52261225502568
115.68,2026-08-03 07:00:00,115.66019999999999,114.67281,115.27877507738216
131.4,2026-08-03 07:15:00,131.2452,130.46362,130.87118239514754
42.62,2026-08-03 07:30:00,42.381400000000006,41.29748,43.25174815265009
62.58,2026-08-03 07:45:00,62.54120000000001,59.236088,59.44820636043584
51.71,2026-08-03 08:00:00,51.8628,53.26121,53.97674629721189
26.59,2026-08-03 08:15:00,26.58739999999998,27.092287,27.272924656374506
110.47,2026-08-03 08:30:00,110.47120000000004,109.90561,109.35239004127868
61.05,2026-08-03 08:45:00,61.150000000000006,59.236088,59.44820636043584
47.29,2026-08-03 09:00:00,47.176800000000014,45.91962,49.52825663978764
72.26,2026-08-03 09:15:00,72.243,68.927925,69.94336508537998
59.2,2026-08-03 09:30:00,59.194200000000016,59.236088,59.44820636043584
45.17,2026-08-03 09:45:00,45.20060000000002,45.91962,45.86184653680961
166.22,2026-08-03 10:00:00,166.13260000000002,168.81076,159.9376629785993
20.95,2026-08-03 10:15:00,21.014000000000006,21.512589,21.83307208545338
18.77,2026-08-03 10:30:00,18.675800000000013,17.578043,20.9049097377566
303.26,2026-08-03 10:45:00,303.76999999999987,306.5564,298.59485319987175
143.08,2026-08-03 11:00:00,143.03319999999997,142.87709,141.45958579515562
127.44,2026-08-03 11:15:00,127.29000000000005,127.159935,129.0729668362874
130.45,2026-08-03 11:30:00,130.41879999999998,130.38092,127.80238595304259
14.6,2026-08-03 11:45:00,14.720999999999998,12.324273,14.341665784085958
13.63,2026-08-03 12:00:00,13.680799999999998,12.324273,14.341665784085958
19.25,2026-08-03 12:15:00,19.107399999999995,17.578043,20.9049097377566
29.64,2026-08-03 12:30:00,29.728799999999996,29.025784,30.843156441387634
147.06,2026-08-03 12:45:00,147.0476,146.54387,146.15929988157012
148.32,2026-08-03 13:00:00,148.185,146.54387,146.15929988157012
60.79,2026-08-03 13:15:00,61.1204,59.236088,59.44820636043584
170.59,2026-08-03 13:30:00,170.58659999999998,169.97272,169.77683955868605
77.7,2026-08-03 13:45:00,77.70460000000001,76.44816,78.87388410296552
122.77,2026-08-03 14:00:00,122.8254,122.95877,119.83658162078838
96.23,2026-08-03 14:15:00,96.24779999999998,96.47076,96.16329533458833
81.08,2026-08-03 14:30:00,81.06240000000001,79.21732,85.30706193695883
81.07,2026-08-03 14:45:00,81.04940000000005,79.21732,85.30706193695883
735.91,2026-08-03 15:00:00,735.7487999999998,735.38104,933.5482632229532
535.87,2026-08-03 15:15:00,535.2908000000002,549.3426,523.2578718642613
224.44,2026-08-03 15:30:00,225.02100000000007,228.27637,223.6537026068402
71.45,2026-08-03 15:45:00,71.435,68.989204,69.94336508537998
147.91,2026-08-03 16:00:00,147.74840000000006,146.60515,146.15929988157012
216.99,2026-08-03 16:15:00,217.16199999999986,216.7999,210.08722514553756
215.97,2026-08-03 16:30:00,215.14640000000003,214.9587,267.2255902693282
171.59,2026-08-03 16:45:00,171.65259999999992,170.034,171.96162805780813
75.15,2026-08-03 17:00:00,75.20280000000004,76.50944,77.52261225502568
183.17,2026-08-03 17:15:00,182.98220000000003,187.79633,183.14287327819352
200.09,2026-08-03 17:30:00,200.02920000000003,198.70775,195.90151250959659
193.91,2026-08-03 17:45:00,193.7778,195.41812,187.43774611097996
334.37,2026-08-03 18:00:00,334.4054000000001,334.0891,320.9982473843089
209.37,2026-08-03 18:15:00,209.44499999999988,209.49498,208.4590157926515
113.32,2026-08-03 18:30:00,113.34980000000007,113.89617,113.42584845187713
202.97,2026-08-03 18:45:00,203.06680000000011,198.77448,197.7886844950526
201.34,2026-08-03 19:00:00,201.31740000000002,198.70775,197.7886844950526
143.84,2026-08-03 19:15:00,143.9572,144.04132,142.73016667840037
143.09,2026-08-03 19:30:00,143.03780000000003,143.15814,142.73016667840037
172.2,2026-08-03 19:45:00,172.29579999999999,170.034,171.96162805780813
240.45,2026-08-03 20:00:00,240.41200000000003,241.32568,240.062922669964
240.51,2026-08-03 20:15:00,240.33060000000006,241.18861,240.062922669964
471.14,2026-08-03 20:30:00,468.0951999999997,474.11172,448.05831497852597
162.15,2026-08-03 20:45:00,162.25420000000003,159.32318,159.9376629785993
164.09,2026-08-03 21:00:00,164.1902,159.32318,159.9376629785993
401.4,2026-08-03 21:15:00,401.4102,424.57687,391.4827136822974
669.0,2026-08-03 21:30:00,666.9262,676.8067,581.6161362575455
361.26,2026-08-03 21:45:00,361.38800000000003,351.0897,347.9457438163866
166.27,2026-08-03 22:00:00,166.06299999999993,170.07747,159.9376629785993
119.52,2026-08-03 22:15:00,119.42440000000005,119.29427,119.83658162078838
148.85,2026-08-03 22:30:00,148.79200000000006,149.44963,146.15929988157012
334.5,2026-08-03 22:45:00,334.49799999999993,333.82404,327.4204415348401
149.06,2026-08-03 23:00:00,149.10100000000003,149.44963,146.15929988157012
142.06,2026-08-03 23:15:00,142.02640000000002,142.9598,142.73016667840037
535.11,2026-08-03 23:30:00,535.2439999999999,518.476,496.99805561562033
535.11,2026-08-03 23:45:00,535.0150000000001,518.7438,496.99805561562033
138.52,2026-08-04 00:00:00,138.45740000000004,140.5227,137.72376410553136
116.11,2026-08-04 00:15:00,116.17539999999997,114.611534,115.27877507738216
136.96,2026-08-04 00:30:00,137.05259999999998,134.06757,137.72376410553136
90.53,2026-08-04 00:45:00,90.51360000000003,90.85703,90.47482768078382
99.57,2026-08-04 01:00:00,99.59840000000004,97.34106,99.37530083380135
134.11,2026-08-04 01:15:00,134.0578,134.06757,131.60094248017373
136.56,2026-08-04 01:30:00,136.61039999999997,134.06757,137.72376410553136
138.02,2026-08-04 01:45:00,138.04039999999998,140.25494,137.72376410553136
105.37,2026-08-04 02:00:00,105.35080000000002,107.14234,105.65431355739734
128.48,2026-08-04 02:15:00,128.513,129.37195,129.0729668362874
141.18,2026-08-04 02:30:00,141.1416000000001,140.5691,139.389278583348
334.51,2026-08-04 02:45:00,334.49800000000005,333.8853,327.4204415348401
197.6,2026-08-04 03:00:00,197.56140000000002,198.0832,195.90151250959659
150.6,2026-08-04 03:15:00,150.7004,149.44963,149.16466356783576
154.24,2026-08-04 03:30:00,154.36839999999998,153.58693,152.27128590908342
166.43,2026-08-04 03:45:00,166.325,168.87204,159.9376629785993
29.5,2026-08-04 04:00:00,29.527199999999983,29.169764,30.843156441387634
30.4,2026-08-04 04:15:00,30.40459999999999,29.902174,30.843156441387634
79.01,2026-08-04 04:30:00,78.98020000000002,79.2786,78.87388410296552
82.96,2026-08-04 04:45:00,83.06620000000002,85.6996,85.30706193695883
74.24,2026-08-04 05:00:00,74.31880000000005,76.64649,77.52261225502568
137.81,2026-08-04 05:15:00,137.88399999999993,140.31622,137.72376410553136
171.95,2026-08-04 05:30:00,171.99539999999996,170.034,171.96162805780813
334.51,2026-08-04 05:45:00,334.49839999999995,333.8853,327.4204415348401
95.81,2026-08-04 06:00:00,95.8752,96.66909,96.16329533458833
141.27,2026-08-04 06:15:00,141.1978000000001,140.42186,139.389278583348
27.06,2026-08-04 06:30:00,27.096799999999998,27.435759,27.272924656374506
167.5,2026-08-04 06:45:00,167.52720000000005,168.81076,169.77683955868605
174.24,2026-08-04 07:00:00,174.47960000000006,174.48784,171.96162805780813
156.6,2026-08-04 07:15:00,156.46880000000002,157.3497,156.98099923873792
75.99,2026-08-04 07:30:00,75.98319999999998,76.44816,77.52261225502568
81.84,2026-08-04 07:45:00,81.98659999999997,85.63832,85.30706193695883
669.0,2026-08-04 08:00:00,668.7742,672.8914,627.8304677024221
128.6,2026-08-04 08:15:00,128.6084,130.21516,129.0729668362874
124.65,2026-08-04 08:30:00,124.68499999999999,124.18403,123.98134358632403
114.09,2026-08-04 08:45:00,113.97340000000005,113.69784,115.27877507738216
113.33,2026-08-04 09:00:00,113.32480000000004,113.69784,113.42584845187713
27.23,2026-08-04 09:15:00,27.228199999999994,27.37448,27.272924656374506
14.17,2026-08-04 09:30:00,14.185800000000002,12.406976,14.341665784085958
10.0,2026-08-04 09:45:00,10.030399999999998,11.885941,9.842231122031672
1.28,2026-08-04 10:00:00,1.2207999999999997,0.93513054,5.180467873793486
12.0,2026-08-04 10:15:00,11.994599999999993,12.282939,14.341665784085958
8.0,2026-08-04 10:30:00,8.0008,7.472397,9.842231122031672
12.0,2026-08-04 10:45:00,11.985199999999994,12.282939,14.341665784085958
4.0,2026-08-04 11:00:00,3.969199999999998,5.126799,7.417471096569233
8.0,2026-08-04 11:15:00,8.006,7.4414883,9.842231122031672
-78.46,2026-08-04 11:30:00,-78.7306,-71.06064,-62.178495143196805
-71.76,2026-08-04 11:45:00,-72.4894,-71.02973,-62.178495143196805
-2.48,2026-08-04 12:00:00,-2.3829999999999996,-4.5248075,-1.6683244834739208
1.97,2026-08-04 12:15:00,2.0267999999999997,0.93513054,5.180467873793486
-73.7,2026-08-04 12:30:00,-73.3412,-71.06064,-62.178495143196805
-36.05,2026-08-04 12:45:00,-36.152600000000014,-35.760612,-32.669832579995294
22.61,2026-08-04 13:00:00,22.5702,21.564383,21.83307208545338
-6.13,2026-08-04 13:15:00,-6.120600000000003,-6.7414103,-4.894446384359472
12.97,2026-08-04 13:30:00,13.017399999999993,12.376067,14.341665784085958
104.76,2026-08-04 13:45:00,104.74680000000001,102.2937,105.65431355739734
118.79,2026-08-04 14:00:00,118.82959999999996,118.72232,117.33814044684418
122.81,2026-08-04 14:15:00,122.8542,122.71933,119.83658162078838
124.94,2026-08-04 14:30:00,124.87959999999995,123.03782,123.98134358632403
802.8,2026-08-04 14:45:00,784.4934000000001,894.0217,933.5482632229532
236.68,2026-08-04 15:00:00,236.66439999999994,224.39824,202.52723507986784
275.38,2026-08-04 15:15:00,278.61840000000024,260.49426,270.66964009941654
248.81,2026-08-04 15:30:00,248.73459999999992,251.54185,248.04073456967888
7.61,2026-08-04 15:45:00,7.661800000000002,7.5336776,9.842231122031672
556.2,2026-08-04 16:00:00,557.72,550.1317,534.4115807488586
336.27,2026-08-04 16:15:00,335.6671999999999,331.41626,377.87495933734
281.04,2026-08-04 16:30:00,282.59100000000007,270.3347,277.2776000753852
293.6,2026-08-04 16:45:00,293.6948,289.15894,277.2776000753852
642.25,2026-08-04 17:00:00,641.7465999999997,631.1631,585.1750569866655
253.82,2026-08-04 17:15:00,254.02719999999997,252.0409,248.04073456967888
976.21,2026-08-04 17:30:00,976.4129999999999,894.1857,1016.9288699206419
735.92,2026-08-04 17:45:00,740.5715999999998,711.31024,854.6152220255196
703.02,2026-08-04 18:00:00,721.5905999999999,667.5675,670.4884853559487
703.02,2026-08-04 18:15:00,722.1663999999998,664.7899,675.034234264577
735.92,2026-08-04 18:30:00,739.0887999999997,728.73083,829.1176308281514
735.92,2026-08-04 18:45:00,740.6165999999996,747.7488,802.1050954057026
246.88,2026-08-04 19:00:00,247.09259999999998,245.72346,325.14353343350353
219.6,2026-08-04 19:15:00,220.1868,220.47421,275.5841728558862
209.47,2026-08-04 19:30:00,209.54599999999994,211.76007,200.868847069199
191.28,2026-08-04 19:45:00,191.42600000000004,190.58014,179.84757738752745
315.52,2026-08-04 20:00:00,315.22119999999995,318.69888,357.38998554764373
413.58,2026-08-04 20:15:00,415.09080000000023,426.11258,463.5810622699954
265.88,2026-08-04 20:30:00,266.4535999999999,265.25574,261.30507504947064
279.4,2026-08-04 20:45:00,278.2828000000001,272.18088,277.2776000753852
128.32,2026-08-04 21:00:00,128.2524,129.43323,129.0729668362874
136.54,2026-08-04 21:15:00,136.55659999999992,134.12885,137.72376410553136
107.16,2026-08-04 21:30:00,107.19439999999999,107.20362,106.27356060488297
18.56,2026-08-04 21:45:00,18.597600000000003,17.722023,19.62505274670276
81.06,2026-08-04 22:00:00,81.01299999999999,79.2786,85.30706193695883
131.03,2026-08-04 22:15:00,130.93240000000003,130.5249,130.87118239514754
122.57,2026-08-04 22:30:00,122.73200000000008,123.02005,119.83658162078838
80.19,2026-08-04 22:45:00,80.22760000000002,79.2786,78.87388410296552
128.0,2026-08-04 23:00:00,128.01579999999998,127.30392,129.0729668362874
126.83,2026-08-04 23:15:00,126.89259999999999,127.30392,123.98134358632403
129.0,2026-08-04 23:30:00,129.06219999999996,129.43323,129.0729668362874
146.4,2026-08-04 23:45:00,146.35119999999995,146.54387,146.15929988157012
136.23,2026-08-05 00:00:00,136.3486,134.12885,137.72376410553136
146.09,2026-08-05 00:15:00,146.12540000000007,146.54387,145.03955932421124
124.14,2026-08-05 00:30:00,124.19580000000005,123.24635,123.98134358632403
73.3,2026-08-05 00:45:00,73.1714,76.44816,77.52261225502568
85.38,2026-08-05 01:00:00,85.62139999999998,85.63832,85.30706193695883
107.24,2026-08-05 01:15:00,107.24199999999998,107.14234,106.27356060488297
122.7,2026-08-05 01:30:00,122.75140000000005,122.95877,119.83658162078838
81.47,2026-08-05 01:45:00,81.46199999999999,79.21732,85.30706193695883
122.0,2026-08-05 02:00:00,122.01720000000003,122.95877,119.83658162078838
136.4,2026-08-05 02:15:00,136.44180000000003,134.06757,137.72376410553136
468.3,2026-08-05 02:30:00,468.47899999999964,474.08112,451.617235707646
137.97,2026-08-05 02:45:00,138.0439999999999,140.25494,137.72376410553136
219.81,2026-08-05 03:00:00,219.8866,216.73862,218.4458077320955
224.76,2026-08-05 03:15:00,225.4280000000001,226.29733,223.6537026068402
227.09,2026-08-05 03:30:00,226.6880000000001,226.29733,223.6537026068402
226.15,2026-08-05 03:45:00,226.3022,226.35861,223.6537026068402
151.2,2026-08-05 04:00:00,151.13800000000003,149.44963,149.16466356783576
126.3,2026-08-05 04:15:00,126.29660000000004,127.30392,123.98134358632403
129.8,2026-08-05 04:30:00,129.85740000000004,129.43323,129.0729668362874
155.51,2026-08-05 04:45:00,155.47119999999998,153.58693,152.27128590908342
401.35,2026-08-05 05:00:00,400.81460000000004,398.5112,395.0416344114174
159.31,2026-08-05 05:15:00,159.3996,158.60432,156.98099923873792
157.24,2026-08-05 05:30:00,157.083,157.3497,156.98099923873792
98.54,2026-08-05 05:45:00,98.4772,97.34106,96.16329533458833
109.82,2026-08-05 06:00:00,109.79539999999997,109.96689,109.35239004127868
147.91,2026-08-05 06:15:00,147.82780000000005,146.60515,146.15929988157012
131.74,2026-08-05 06:30:00,131.93319999999997,130.46362,130.87118239514754
41.61,2026-08-05 06:45:00,41.544200000000004,40.800583,41.552560074009754
669.0,2026-08-05 07:00:00,668.6739999999996,672.8914,627.8304677024221
334.46,2026-08-05 07:15:00,334.4684000000001,334.93503,320.81248155887147
401.35,2026-08-05 07:30:00,401.9082000000001,398.71768,396.99598543809776
11.09,2026-08-05 07:45:00,11.086000000000004,11.885941,9.842231122031672
100.0,2026-08-05 08:00:00,99.97619999999999,102.07854,99.37530083380135
27.88,2026-08-05 08:15:00,27.894799999999986,27.37448,27.272924656374506
22.38,2026-08-05 08:30:00,22.472799999999996,21.59529,21.83307208545338
102.5,2026-08-05 08:45:00,102.42920000000004,101.995834,100.53173048631218
102.07,2026-08-05 09:00:00,102.08600000000003,101.995834,100.53173048631218
23.08,2026-08-05 09:15:00,22.932799999999993,21.512589,21.83307208545338
80.0,2026-08-05 09:30:00,79.94740000000003,79.13462,78.87388410296552
28.8,2026-08-05 09:45:00,28.502999999999997,29.025784,27.272924656374506
2.74,2026-08-05 10:00:00,2.7082000000000006,3.524749,5.180467873793486
-5.5,2026-08-05 10:15:00,-5.398800000000001,-4.5766006,-4.894446384359472
-6.69,2026-08-05 10:30:00,-6.691399999999999,-6.7932034,-4.894446384359472
-5.06,2026-08-05 10:45:00,-4.987400000000001,-4.5766006,-4.894446384359472
5.88,2026-08-05 11:00:00,5.856999999999999,7.389695,9.842231122031672
5.0,2026-08-05 11:15:00,4.970799999999999,5.0440974,7.417471096569233
-6.69,2026-08-05 11:30:00,-6.677599999999999,-6.824112,-4.894446384359472
-8.43,2026-08-05 11:45:00,-8.438400000000001,-8.014383,-4.894446384359472
-10.0,2026-08-05 12:00:00,-10.0,-9.240958,-7.144207323543092
-10.0,2026-08-05 12:15:00,-10.0,-9.240958,-7.144207323543092
-6.69,2026-08-05 12:30:00,-6.6923999999999975,-6.824112,-4.894446384359472
-9.32,2026-08-05 12:45:00,-9.320800000000002,-9.240958,-7.144207323543092
-23.1,2026-08-05 13:00:00,-23.3506,-25.22368,-16.016806867171432
-8.03,2026-08-05 13:15:00,-7.997800000000003,-8.014383,-4.894446384359472
18.55,2026-08-05 13:30:00,18.560599999999994,17.547136,19.62505274670276
35.82,2026-08-05 13:45:00,35.99380000000001,35.507233,36.54536797777621
4.95,2026-08-05 14:00:00,4.970399999999999,5.013189,7.417471096569233
-6.69,2026-08-05 14:15:00,-6.679999999999999,-6.824112,-4.894446384359472
20.12,2026-08-05 14:30:00,20.066800000000015,21.481682,21.83307208545338
102.01,2026-08-05 14:45:00,102.04560000000001,102.04763,100.53173048631218
101.1,2026-08-05 15:00:00,101.23660000000001,101.995834,99.37530083380135
59.73,2026-08-05 15:15:00,59.77879999999998,59.236088,59.44820636043584
15.58,2026-08-05 15:30:00,15.539400000000002,17.629837,19.62505274670276
100.31,2026-08-05 15:45:00,100.28140000000002,102.04763,99.37530083380135
9.64,2026-08-05 16:00:00,9.593000000000004,11.885941,9.842231122031672
13.56,2026-08-05 16:15:00,13.569199999999997,12.406976,14.341665784085958
18.6,2026-08-05 16:30:00,18.61360000000001,17.660744,20.9049097377566
-7.94,2026-08-05 16:45:00,-7.939600000000004,-7.839491,-4.894446384359472
-5.42,2026-08-05 17:00:00,-5.389799999999999,-4.432618,-4.894446384359472
-22.78,2026-08-05 17:15:00,-22.796599999999994,-25.048794,-16.016806867171432
-19.1,2026-08-05 17:30:00,-19.121599999999987,-18.716854,-14.782245697855904
24.43,2026-08-05 17:45:00,24.4806,27.290625,27.272924656374506
8.0,2026-08-05 18:00:00,7.9906,7.5336776,9.842231122031672
10.0,2026-08-05 18:15:00,10.015799999999999,11.916313,9.842231122031672
16.0,2026-08-05 18:30:00,16.0726,17.691116,19.62505274670276
109.46,2026-08-05 18:45:00,109.487,110.07304,109.35239004127868
128.39,2026-08-05 19:00:00,128.49460000000002,129.40231,129.0729668362874
130.26,2026-08-05 19:15:00,130.21599999999992,130.66197,129.0729668362874
182.87,2026-08-05 19:30:00,183.15240000000003,187.76541,183.14287327819352
134.5,2026-08-05 19:45:00,134.53380000000004,134.235,131.60094248017373
162.92,2026-08-05 20:00:00,162.89560000000006,159.32318,159.9376629785993
160.05,2026-08-05 20:15:00,159.9602,159.32318,156.98099923873792
174.03,2026-08-05 20:30:00,174.1100000000001,174.48784,171.96162805780813
170.48,2026-08-05 20:45:00,170.65760000000003,170.034,169.77683955868605
132.6,2026-08-05 21:00:00,132.6076,132.27625,131.60094248017373
156.75,2026-08-05 21:15:00,156.73359999999997,157.3497,156.98099923873792
129.7,2026-08-05 21:30:00,129.853,129.43323,129.0729668362874
70.43,2026-08-05 21:45:00,70.59719999999999,68.989204,69.94336508537998
149.2,2026-08-05 22:00:00,149.1566,149.44963,146.15929988157012
124.5,2026-08-05 22:15:00,124.48420000000002,123.30763,123.98134358632403
160.46,2026-08-05 22:30:00,160.46559999999994,159.32318,156.98099923873792
234.15,2026-08-05 22:45:00,234.12760000000003,233.2216,231.76187647390432
163.04,2026-08-05 23:00:00,163.09740000000002,159.32318,159.9376629785993
165.31,2026-08-05 23:15:00,165.22799999999995,168.81076,159.9376629785993
136.69,2026-08-05 23:30:00,136.58500000000004,134.06757,137.72376410553136
84.55,2026-08-05 23:45:00,84.60959999999999,85.63832,85.30706193695883
91.05,2026-08-06 00:00:00,91.0826,90.91831,90.47482768078382
114.19,2026-08-06 00:15:00,114.32940000000006,113.75912,115.27877507738216
130.3,2026-08-06 00:30:00,130.351,130.46362,129.0729668362874
122.2,2026-08-06 00:45:00,122.2876000000001,122.95877,119.83658162078838
334.46,2026-08-06 01:00:00,334.49379999999996,333.82404,327.4204415348401
136.03,2026-08-06 01:15:00,136.193,134.06757,131.60094248017373
134.54,2026-08-06 01:30:00,134.5172,134.06757,131.60094248017373
42.11,2026-08-06 01:45:00,42.225599999999986,41.29748,43.25174815265009
106.97,2026-08-06 02:00:00,106.97259999999997,107.14234,106.27356060488297
111.4,2026-08-06 02:15:00,111.59260000000003,113.69784,111.16851518272411
130.29,2026-08-06 02:30:00,130.33419999999995,130.46362,129.0729668362874
199.17,2026-08-06 02:45:00,198.85460000000003,198.02193,195.90151250959659
223.2,2026-08-06 03:00:00,222.66499999999996,226.29733,223.6537026068402
669.0,2026-08-06 03:15:00,666.9657999999998,680.7145,585.1750569866655
669.0,2026-08-06 03:30:00,669.1676,680.62,585.1750569866655
669.0,2026-08-06 03:45:00,669.2898000000001,681.33655,585.1750569866655
198.94,2026-08-06 04:00:00,198.3788,200.95433,195.90151250959659
185.9,2026-08-06 04:15:00,185.93360000000004,189.85123,183.14287327819352
131.29,2026-08-06 04:30:00,131.2942,131.51144,130.87118239514754
189.89,2026-08-06 04:45:00,189.78419999999997,188.1167,187.43774611097996
130.28,2026-08-06 05:00:00,130.28919999999997,130.46362,129.0729668362874
130.28,2026-08-06 05:15:00,130.3084,130.46362,129.0729668362874
132.32,2026-08-06 05:30:00,132.29140000000004,130.46362,131.60094248017373
130.28,2026-08-06 05:45:00,130.2814,130.46362,129.0729668362874
12.14,2026-08-06 06:00:00,12.110599999999994,12.34422,14.341665784085958
7.68,2026-08-06 06:15:00,7.657,7.472397,9.842231122031672
468.3,2026-08-06 06:30:00,468.4101999999997,471.61206,451.617235707646
735.8,2026-08-06 06:45:00,735.7347999999998,787.5268,933.5482632229532
136.89,2026-08-06 07:00:00,137.0476,135.17854,137.72376410553136
7.73,2026-08-06 07:15:00,7.7852,8.410072,-8.2387013874078
-11.73,2026-08-06 07:30:00,-11.701200000000002,-12.31629,-8.804992970569074
-0.91,2026-08-06 07:45:00,-0.9142000000000001,-1.5234792,-1.6683244834739208
-6.1,2026-08-06 08:00:00,-6.096600000000002,-6.7105017,-4.894446384359472
-9.14,2026-08-06 08:15:00,-9.2012,-9.21005,-14.734376046995598
-6.83,2026-08-06 08:30:00,-6.815199999999997,-6.7932034,-4.894446384359472
-3.83,2026-08-06 08:45:00,-3.8618000000000006,-4.607509,-1.6683244834739208
-6.69,2026-08-06 09:00:00,-6.7006,-6.824112,-4.894446384359472
2.53,2026-08-06 09:15:00,2.5546,3.4938407,5.180467873793486
-16.5,2026-08-06 09:30:00,-16.528999999999996,-16.647753,-11.829487724338136
3.92,2026-08-06 09:45:00,3.9349999999999996,5.013189,5.180467873793486
-6.69,2026-08-06 10:00:00,-6.6923999999999975,-6.824112,-4.894446384359472
2.69,2026-08-06 10:15:00,2.6784000000000003,3.4938407,5.180467873793486
3.52,2026-08-06 10:30:00,3.652799999999999,3.4938407,5.180467873793486
15.49,2026-08-06 10:45:00,15.523400000000004,17.547136,19.62505274670276
2.84,2026-08-06 11:00:00,2.792600000000001,3.4938407,5.180467873793486
-22.46,2026-08-06 11:15:00,-22.480999999999998,-19.189074,-16.016806867171432
2.2,2026-08-06 11:30:00,2.1723999999999997,3.4938407,5.180467873793486
-10.53,2026-08-06 11:45:00,-10.546,-9.240958,-7.144207323543092
-35.71,2026-08-06 12:00:00,-35.8846,-34.995296,-32.669832579995294
2.11,2026-08-06 12:15:00,2.1506,3.524749,5.180467873793486
-36.93,2026-08-06 12:30:00,-36.7654,-35.843315,-32.669832579995294
-60.92,2026-08-06 12:45:00,-61.3388,-61.713936,-51.82567787455425
2.19,2026-08-06 13:00:00,2.1842000000000006,3.4938407,5.180467873793486
-38.13,2026-08-06 13:15:00,-38.02119999999999,-35.843315,-32.669832579995294
-112.41,2026-08-06 13:30:00,-113.51540000000003,-116.831535,-86.57196528000445
-91.33,2026-08-06 13:45:00,-91.12440000000001,-87.57011,-86.57196528000445
-14.72,2026-08-06 14:00:00,-14.733600000000006,-16.393473,-11.829487724338136
-10.0,2026-08-06 14:15:00,-9.999600000000003,-9.683408,-7.144207323543092
-80.32,2026-08-06 14:30:00,-85.56939999999999,-85.725494,-62.178495143196805
-93.22,2026-08-06 14:45:00,-93.20599999999999,-85.725494,-86.57196528000445
-29.71,2026-08-06 15:00:00,-29.6268,-30.488094,-24.109802609588755
5.89,2026-08-06 15:15:00,5.8763999999999985,6.9163375,9.842231122031672
6.27,2026-08-06 15:30:00,6.417199999999998,6.999039,9.842231122031672
7.97,2026-08-06 15:45:00,7.9956,6.999039,9.842231122031672
45.74,2026-08-06 16:00:00,45.527,45.446262,45.86184653680961
401.32,2026-08-06 16:15:00,401.207,398.41904,396.99598543809776
669.0,2026-08-06 16:30:00,669.8954000000001,677.48364,751.9280503980465
110.24,2026-08-06 16:45:00,110.20339999999999,110.98568,109.35239004127868
401.35,2026-08-06 17:00:00,402.27160000000003,399.62448,396.99598543809776
361.26,2026-08-06 17:15:00,362.45359999999994,373.30533,349.90009484306694
485.54,2026-08-06 17:30:00,484.6383999999998,474.83054,451.617235707646
8.27,2026-08-06 17:45:00,8.2686,8.410072,9.842231122031672
126.66,2026-08-06 18:00:00,126.66580000000003,128.1803,123.98134358632403
128.73,2026-08-06 18:15:00,128.69,129.37195,129.0729668362874
1.79,2026-08-06 18:30:00,1.8052000000000001,0.93513054,5.180467873793486
2.0,2026-08-06 18:45:00,2.0073999999999996,3.607451,5.180467873793486
83.56,2026-08-06 19:00:00,83.62579999999998,85.63832,85.30706193695883
17.0,2026-08-06 19:15:00,17.056000000000004,16.73486,19.62505274670276
116.96,2026-08-06 19:30:00,117.20279999999994,118.75323,117.33814044684418
73.59,2026-08-06 19:45:00,73.4738,76.44816,77.52261225502568
81.88,2026-08-06 20:00:00,81.9296,85.607414,85.30706193695883
143.2,2026-08-06 20:15:00,143.23679999999993,142.92888,142.73016667840037
142.5,2026-08-06 20:30:00,142.51779999999997,142.9598,142.73016667840037
95.53,2026-08-06 20:45:00,95.49199999999999,96.47076,96.16329533458833
401.35,2026-08-06 21:00:00,401.3376,398.44992,393.43706470897774
136.32,2026-08-06 21:15:00,136.3324,134.06757,137.72376410553136
2.48,2026-08-06 21:30:00,2.5328,3.607451,5.180467873793486
135.86,2026-08-06 21:45:00,135.76340000000002,134.06757,131.60094248017373
78.69,2026-08-06 22:00:00,78.80400000000002,79.21732,78.87388410296552
66.78,2026-08-06 22:15:00,66.9508,65.547554,66.73534428184495
335.29,2026-08-06 22:30:00,334.49539999999996,333.82404,327.4204415348401
334.46,2026-08-06 22:45:00,334.49339999999995,333.82404,327.4204415348401
468.08,2026-08-06 23:00:00,467.5258000000001,458.0764,448.05831497852597
267.6,2026-08-06 23:15:00,267.9254000000002,267.89142,261.30507504947064
509.47,2026-08-06 23:30:00,506.58640000000014,518.7438,496.99805561562033
334.5,2026-08-06 23:45:00,334.3664,334.0918,327.4204415348401
669.0,2026-08-07 00:00:00,668.6457999999999,673.87573,585.1750569866655
669.0,2026-08-07 00:15:00,668.6813999999999,678.58545,585.1750569866655
535.2,2026-08-07 00:30:00,535.3966000000003,549.4527,534.4115807488586
614.27,2026-08-07 00:45:00,611.2532000000001,607.10956,585.1750569866655
127.63,2026-08-07 01:00:00,127.81000000000003,129.4959,129.0729668362874
58.63,2026-08-07 01:15:00,58.49639999999997,60.624622,59.44820636043584
-1.62,2026-08-07 01:30:00,-1.5935999999999995,-0.597594,-1.6683244834739208
19.37,2026-08-07 01:45:00,19.377599999999994,17.660744,20.9049097377566
92.9,2026-08-07 02:00:00,92.95960000000001,90.85703,96.16329533458833
112.28,2026-08-07 02:15:00,112.26820000000002,113.69784,111.16851518272411
128.04,2026-08-07 02:30:00,128.02820000000003,129.37195,129.0729668362874
468.3,2026-08-07 02:45:00,467.9511999999996,476.33212,451.617235707646
614.4,2026-08-07 03:00:00,613.3684000000001,608.8908,585.1750569866655
401.31,2026-08-07 03:15:00,402.17200000000014,401.74228,396.99598543809776
39.88,2026-08-07 03:30:00,39.93920000000002,42.00602,41.552560074009754
103.27,2026-08-07 03:45:00,103.22339999999997,102.32461,100.53173048631218
139.94,2026-08-07 04:00:00,139.98960000000002,140.25494,139.389278583348
143.12,2026-08-07 04:15:00,143.2014,142.9598,142.73016667840037
148.01,2026-08-07 04:30:00,148.04420000000005,146.60515,146.15929988157012
97.17,2026-08-07 04:45:00,97.12539999999998,97.402336,96.16329533458833
104.13,2026-08-07 05:00:00,104.11380000000001,102.38589,105.65431355739734
49.78,2026-08-07 05:15:00,50.08400000000002,50.246895,49.52825663978764
90.08,2026-08-07 05:30:00,90.09159999999996,90.91831,90.47482768078382
106.03,2026-08-07 05:45:00,105.91919999999996,107.14234,105.65431355739734
48.67,2026-08-07 06:00:00,48.6654,50.246895,49.52825663978764
24.88,2026-08-07 06:15:00,25.012400000000007,27.153566,27.272924656374506
2.69,2026-08-07 06:30:00,2.658,3.607451,5.180467873793486
35.45,2026-08-07 06:45:00,35.45799999999999,35.620846,36.54536797777621
-1.0,2026-08-07 07:00:00,-1.0,-0.53631353,-1.6683244834739208
347.88,2026-08-07 07:15:00,347.9548000000001,350.91638,347.9457438163866
735.74,2026-08-07 07:30:00,735.7161999999995,734.6147,1163.95574423903
109.64,2026-08-07 07:45:00,109.6042,111.01659,109.35239004127868
336.6,2026-08-07 08:00:00,336.58539999999994,334.1036,320.81248155887147
134.93,2026-08-07 08:15:00,134.91360000000003,134.06757,131.60094248017373
99.44,2026-08-07 08:30:00,99.44040000000001,96.41517,99.37530083380135
106.08,2026-08-07 08:45:00,106.0486,107.14234,105.65431355739734
13.61,2026-08-07 09:00:00,13.665599999999994,12.406976,6.751497060633453
76.51,2026-08-07 09:15:00,76.4496,76.44816,77.52261225502568
15.0,2026-08-07 09:30:00,14.956399999999997,17.660744,19.62505274670276
398.68,2026-08-07 09:45:00,402.3918000000001,398.89877,418.7225398684906
126.96,2026-08-07 10:00:00,126.92740000000003,127.24264,123.98134358632403
112.0,2026-08-07 10:15:00,111.91659999999995,113.69784,111.16851518272411
24.2,2026-08-07 10:30:00,24.204799999999995,21.512589,27.272924656374506
15.0,2026-08-07 10:45:00,14.971599999999997,17.578043,19.62505274670276
27.68,2026-08-07 11:00:00,27.7722,27.291779,27.272924656374506
52.37,2026-08-07 11:15:00,52.22780000000001,53.17851,53.97674629721189
70.0,2026-08-07 11:30:00,70.10660000000003,68.84522,69.94336508537998
70.0,2026-08-07 11:45:00,70.08720000000002,68.84522,69.94336508537998
1.5,2026-08-07 12:00:00,1.5228000000000006,0.8524287,5.180467873793486
18.7,2026-08-07 12:15:00,18.66760000000001,17.578043,20.9049097377566
94.2,2026-08-07 12:30:00,94.19299999999997,96.388054,96.16329533458833
34.72,2026-08-07 12:45:00,34.57920000000001,35.620846,36.54536797777621
27.03,2026-08-07 13:00:00,27.0442,27.291779,27.272924656374506
10.0,2026-08-07 13:15:00,10.0002,11.885941,9.842231122031672
-8.54,2026-08-07 13:30:00,-8.523600000000002,-7.93168,-4.894446384359472
71.41,2026-08-07 13:45:00,71.4882,68.927925,69.94336508537998
67.29,2026-08-07 14:00:00,67.2618,65.547554,67.51448332252643
83.36,2026-08-07 14:15:00,83.47099999999996,85.63832,85.30706193695883
172.71,2026-08-07 14:30:00,173.05100000000004,169.97272,171.96162805780813
185.51,2026-08-07 14:45:00,185.4404,187.56706,229.4200913952019
190.88,2026-08-07 15:00:00,191.27900000000008,188.08578,233.7149642279884
200.48,2026-08-07 15:15:00,200.6446,198.5094,197.7886844950526
17.0,2026-08-07 15:30:00,17.047000000000004,17.660744,19.62505274670276
21.4,2026-08-07 15:45:00,21.464199999999995,21.59529,21.83307208545338
8.0,2026-08-07 16:00:00,8.0036,7.472397,9.842231122031672
2.0,2026-08-07 16:15:00,2.0025999999999997,3.607451,5.180467873793486
92.09,2026-08-07 16:30:00,92.1016,90.91831,90.47482768078382
112.19,2026-08-07 16:45:00,112.2088,113.75912,111.16851518272411
60.94,2026-08-07 17:00:00,61.076,59.29737,59.44820636043584
83.56,2026-08-07 17:15:00,83.62279999999996,85.6996,85.30706193695883
115.8,2026-08-07 17:30:00,115.81559999999998,114.77896,115.27877507738216
143.37,2026-08-07 17:45:00,143.4235999999999,143.12723,142.73016667840037
143.73,2026-08-07 18:00:00,143.66559999999998,144.04132,142.73016667840037
198.11,2026-08-07 18:15:00,198.42360000000005,198.22028,195.90151250959659
143.74,2026-08-07 18:30:00,143.65599999999992,144.10805,142.73016667840037
206.01,2026-08-07 18:45:00,205.85859999999997,209.49498,208.4590157926515
193.94,2026-08-07 19:00:00,193.88140000000007,195.41812,187.43774611097996
201.15,2026-08-07 19:15:00,201.2142,198.70775,197.7886844950526
191.19,2026-08-07 19:30:00,191.37280000000007,188.31505,187.43774611097996
143.73,2026-08-07 19:45:00,143.65979999999993,144.04132,142.73016667840037
141.4,2026-08-07 20:00:00,141.5318,140.76746,139.389278583348
178.59,2026-08-07 20:15:00,178.5582,177.8875,173.49328842335302
401.32,2026-08-07 20:30:00,401.3552,398.5112,391.4827136822974
170.73,2026-08-07 20:45:00,170.6884,170.034,169.77683955868605
200.0,2026-08-07 21:00:00,199.95120000000003,198.57068,195.90151250959659
447.42,2026-08-07 21:15:00,448.5280000000001,424.5462,415.08089549417593
254.16,2026-08-07 21:30:00,253.56300000000002,251.54185,248.04073456967888
260.85,2026-08-07 21:45:00,261.04639999999995,262.86768,261.30507504947064
163.17,2026-08-07 22:00:00,163.2234,159.32318,159.9376629785993
157.03,2026-08-07 22:15:00,157.00639999999999,157.3497,156.98099923873792
267.54,2026-08-07 22:30:00,267.55919999999986,262.86768,261.30507504947064
147.13,2026-08-07 22:45:00,147.11440000000002,146.60515,146.15929988157012
115.15,2026-08-07 23:00:00,115.05039999999995,114.67281,115.27877507738216
150.61,2026-08-07 23:15:00,150.7058,149.44963,149.16466356783576
147.06,2026-08-07 23:30:00,146.9694,146.60515,146.15929988157012
294.3,2026-08-07 23:45:00,294.23260000000005,288.89386,289.16334798879086
182.28,2026-08-08 00:00:00,182.12959999999998,177.75043,183.14287327819352
145.24,2026-08-08 00:15:00,145.33600000000004,143.95831,145.03955932421124
144.51,2026-08-08 00:30:00,144.53579999999997,143.95831,142.73016667840037
142.22,2026-08-08 00:45:00,142.17020000000005,142.9598,142.73016667840037
104.69,2026-08-08 01:00:00,104.76940000000006,102.32461,105.65431355739734
82.93,2026-08-08 01:15:00,83.03400000000002,85.63832,85.30706193695883
112.88,2026-08-08 01:30:00,112.92119999999997,113.69784,113.42584845187713
104.07,2026-08-08 01:45:00,104.11820000000006,102.32461,105.65431355739734
115.1,2026-08-08 02:00:00,115.05159999999998,114.611534,115.27877507738216
121.0,2026-08-08 02:15:00,121.07679999999996,119.232994,119.83658162078838
144.27,2026-08-08 02:30:00,144.30779999999996,143.84297,142.73016667840037
200.0,2026-08-08 02:45:00,199.93660000000003,198.5094,195.90151250959659
139.75,2026-08-08 03:00:00,139.70660000000007,140.25494,139.389278583348
141.25,2026-08-08 03:15:00,141.1614000000001,140.5691,139.389278583348
147.69,2026-08-08 03:30:00,147.66300000000004,146.60515,146.15929988157012
120.0,2026-08-08 03:45:00,120.03299999999999,119.29427,119.83658162078838
154.99,2026-08-08 04:00:00,154.99200000000005,153.58693,152.27128590908342
148.31,2026-08-08 04:15:00,148.29919999999998,146.60515,146.15929988157012
143.92,2026-08-08 04:30:00,143.9404,143.84297,142.73016667840037
139.22,2026-08-08 04:45:00,139.18200000000002,140.25494,137.72376410553136
247.35,2026-08-08 05:00:00,247.37200000000007,241.18861,240.062922669964
140.4,2026-08-08 05:15:00,140.43379999999996,140.25494,139.389278583348
74.45,2026-08-08 05:30:00,74.46440000000003,76.44816,77.52261225502568
120.18,2026-08-08 05:45:00,120.18899999999994,119.232994,119.83658162078838
143.25,2026-08-08 06:00:00,143.21059999999997,142.9598,142.73016667840037
112.41,2026-08-08 06:15:00,112.29320000000006,113.69784,111.16851518272411
126.86,2026-08-08 06:30:00,126.93719999999998,127.24264,123.98134358632403
82.99,2026-08-08 06:45:00,82.86120000000003,85.63832,85.30706193695883
8.0,2026-08-08 07:00:00,7.988199999999999,7.472397,9.842231122031672
5.0,2026-08-08 07:15:00,4.9716,5.126799,7.417471096569233
-5.94,2026-08-08 07:30:00,-6.022200000000002,-6.7105017,-4.894446384359472
-8.17,2026-08-08 07:45:00,-8.138000000000003,-7.9834733,-4.894446384359472
-2.27,2026-08-08 08:00:00,-2.2843999999999993,-4.5766006,-1.6683244834739208
-7.29,2026-08-08 08:15:00,-7.294800000000005,-6.878645,-4.894446384359472
1.57,2026-08-08 08:30:00,1.5788000000000004,0.82152027,5.180467873793486
1.22,2026-08-08 08:45:00,1.2389999999999997,0.82152027,5.180467873793486
2.2,2026-08-08 09:00:00,2.1662,3.4938407,5.180467873793486
2.06,2026-08-08 09:15:00,2.029799999999999,3.4938407,5.180467873793486
-9.64,2026-08-08 09:30:00,-9.573800000000004,-9.240958,-7.144207323543092
1.99,2026-08-08 09:45:00,2.03,0.82152027,5.180467873793486
1.83,2026-08-08 10:00:00,1.8754,0.82152027,5.180467873793486
1.37,2026-08-08 10:15:00,1.305,0.82152027,5.180467873793486
-8.08,2026-08-08 10:30:00,-8.064600000000004,-8.014383,-4.894446384359472
-20.66,2026-08-08 10:45:00,-20.652199999999997,-19.189074,-16.016806867171432
-13.26,2026-08-08 11:00:00,-13.249600000000001,-12.943551,-8.804992970569074
-14.97,2026-08-08 11:15:00,-15.010400000000006,-13.663972,-11.829487724338136
-16.02,2026-08-08 11:30:00,-16.058999999999997,-16.647753,-11.829487724338136
0.49,2026-08-08 11:45:00,0.46520000000000006,0.82152027,1.767681290255857
0.56,2026-08-08 12:00:00,0.5252,0.82152027,1.767681290255857
0.57,2026-08-08 12:15:00,0.5398000000000001,0.82152027,1.767681290255857
0.55,2026-08-08 12:30:00,0.5008,0.82152027,1.767681290255857
-1.72,2026-08-08 12:45:00,-1.6891999999999994,-0.71120435,-1.6683244834739208
-3.51,2026-08-08 13:00:00,-3.5176000000000003,-4.607509,-1.6683244834739208
0.97,2026-08-08 13:15:00,1.0355999999999996,0.82152027,5.180467873793486
-13.32,2026-08-08 13:30:00,-13.3172,-12.943551,-8.804992970569074
-0.37,2026-08-08 13:45:00,-0.3778,-0.71120435,-1.6683244834739208
-0.75,2026-08-08 14:00:00,-0.6624,-0.71120435,-1.6683244834739208
-2.0,2026-08-08 14:15:00,-1.9956,-0.71120435,-1.6683244834739208
-19.88,2026-08-08 14:30:00,-19.929599999999994,-19.189074,-14.782245697855904
-17.9,2026-08-08 14:45:00,-17.892999999999997,-17.523254,-14.782245697855904
-7.21,2026-08-08 15:00:00,-7.221000000000003,-6.9095535,-4.894446384359472
34.99,2026-08-08 15:15:00,34.929,35.589935,36.54536797777621
107.11,2026-08-08 15:30:00,107.18220000000002,107.111435,106.27356060488297
131.6,2026-08-08 15:45:00,131.72959999999995,130.43271,130.87118239514754
108.76,2026-08-08 16:00:00,108.84719999999997,107.111435,109.35239004127868
134.15,2026-08-08 16:15:00,134.2064,134.03665,131.60094248017373
187.8,2026-08-08 16:30:00,188.00760000000002,187.62834,187.43774611097996
164.29,2026-08-08 16:45:00,164.21400000000006,168.87204,159.9376629785993
149.63,2026-08-08 17:00:00,149.6008,149.44963,149.16466356783576
161.02,2026-08-08 17:15:00,161.05380000000002,159.32318,156.98099923873792
170.95,2026-08-08 17:30:00,171.08079999999998,170.034,169.77683955868605
191.56,2026-08-08 17:45:00,191.28920000000014,188.31505,187.43774611097996
38.0,2026-08-08 18:00:00,38.03839999999999,40.998924,38.95162957021919
135.0,2026-08-08 18:15:00,135.01540000000006,134.26591,131.60094248017373
183.52,2026-08-08 18:30:00,183.51180000000005,187.79633,183.14287327819352
183.75,2026-08-08 18:45:00,183.66400000000004,187.79633,183.14287327819352
141.0,2026-08-08 19:00:00,141.03440000000003,140.76746,139.389278583348
135.0,2026-08-08 19:15:00,135.0156,134.26591,131.60094248017373
178.53,2026-08-08 19:30:00,178.51960000000003,177.8875,173.49328842335302
200.6,2026-08-08 19:45:00,200.72299999999998,198.57068,197.7886844950526
185.18,2026-08-08 20:00:00,184.95460000000003,187.79633,183.14287327819352
170.48,2026-08-08 20:15:00,170.63119999999995,170.034,169.77683955868605
107.12,2026-08-08 20:30:00,107.18980000000002,107.20362,106.27356060488297
100.02,2026-08-08 20:45:00,100.00200000000001,102.13982,99.37530083380135
141.0,2026-08-08 21:00:00,141.05120000000005,140.63039,139.389278583348
155.9,2026-08-08 21:15:00,155.83299999999997,157.3497,156.98099923873792
155.24,2026-08-08 21:30:00,155.31699999999998,153.58693,152.27128590908342
107.02,2026-08-08 21:45:00,106.97979999999998,107.14234,106.27356060488297
